Book ID,Type,Age Requirement,ISBN,Price,Date,Comments Count,Volume,Duration,Rating,Rating Count
1,0,18,,149.0,2023-05-25,85,280.0,,4.9,1051
2,0,18,,149.0,2023-08-31,145,340.0,,4.9,1902
3,0,18,['978-5-04-177141-6'],479.0,2022-11-24,40,520.0,,4.8,834
4,0,18,['978-5-389-08737-8'],590.0,2014-10-24,85,1332.0,,4.1,601
5,0,16,,27.9,2022-03-10,172,290.0,,4.7,2324
6,0,16,['978-5-98124-284-7'],279.0,2014-12-02,545,230.0,,4.7,6094
7,0,16,['9785001177937'],499.0,2016-08-29,198,251.0,,4.3,2001
8,0,18,['9785001179368'],499.0,2016-12-29,179,239.0,,4.2,1581
9,0,12,['9785001171300'],499.0,2014-12-10,200,246.0,,4.5,1609
10,0,16,['978-5-17-079124-8'],249.0,2013-10-10,293,610.0,,4.7,3235
11,1,18,,249.0,2023-07-20,63,,30384.0,4.9,974
12,0,16,['978-5-04-188332-4'],389.0,2023-06-14,24,241.0,,4.9,173
13,0,16,['978-5-04-189818-2'],619.0,2023-07-19,21,898.0,,3.9,87
14,1,16,,249.0,2023-05-12,32,,38100.0,4.7,462
15,0,16,['978-5-04-112162-4'],589.0,2020-06-06,867,182.0,,4.6,5235
16,1,16,,269.0,2023-11-09,66,,37587.0,4.8,437
17,0,16,['978-5-04-182741-0'],429.0,2023-02-21,39,545.0,,4.7,860
18,0,16,['9785002230143'],799.0,2023-05-22,7,1375.0,,4.5,39
19,0,12,['978-5-9614-4054-6'],799.0,2017-01-23,28,426.0,,4.5,313
20,0,16,"['978-5-4461-0512-0', '9781449373320']",799.0,2018-11-01,7,640.0,,3.9,47
21,1,16,,599.0,2018-09-08,917,,21458.0,4.5,8578
22,0,16,['978-5-17-106150-0'],599.0,2017-12-25,812,531.0,,4.4,10927
23,0,16,['978-5-699-84038-0'],599.0,2018-09-22,74,283.0,,4.2,874
24,0,16,"['978-5-4461-0772-8', '9780134494166']",599.0,2018-11-01,24,401.0,,4.5,155
25,0,16,['978-5-9614-2740-0'],599.0,2019-08-30,58,488.0,,4.6,355
26,1,16,['978-5-17-142762-7'],499.0,2023-04-03,82,,42806.0,4.8,1138
27,0,18,['978-5-389-19068-9'],499.0,2020-12-10,527,1104.0,,4.7,5552
28,0,18,,399.0,2022-10-26,83,260.0,,5.0,3516
29,1,18,['978-5-9573-0936-9'],299.0,2008-12-17,202,,32102.0,4.9,4231
30,0,16,['978-5-17-146377-9'],249.0,2023-08-24,31,400.0,,4.6,374
31,0,16,,199.0,2023-05-04,82,290.0,,4.8,1484
32,0,16,,199.0,2023-08-01,126,280.0,,4.9,839
33,0,16,['978-5-04-169438-8'],419.0,2022-07-05,145,191.0,,4.3,1707
34,0,16,['978-5-04-188592-2'],329.0,2023-06-15,57,270.0,,4.5,431
35,0,16,['978-5-04-188969-2'],359.0,2023-07-03,28,331.0,,4.9,708
36,0,16,['978-5-04-186303-6'],319.0,2023-04-27,19,200.0,,4.6,407
37,0,16,['978-5-17-147006-7'],379.0,2022-03-10,719,361.0,,4.8,7517
38,0,16,['978-5-17-096655-4'],449.0,2016-05-30,419,350.0,,4.5,5685
39,0,12,['978-5-9614-3373-9'],324.35,2014-05-11,196,191.0,,4.7,1714
40,0,12,['9785961451801'],499.0,2018-03-01,118,404.0,,4.5,738
41,0,16,,990.0,2023-08-04,9,431.0,,5.0,20
42,0,16,,239.0,2023-08-07,91,260.0,,4.9,874
43,0,16,,149.0,2022-08-13,460,150.0,,5.0,15440
44,0,16,['978-5-00131-014-3'],349.0,2018-07-11,540,334.0,,4.8,5036
45,0,16,['978-5-17-146198-0'],379.0,2021-11-30,423,351.0,,4.8,6474
46,0,18,,690.0,2023-01-23,12,234.0,,4.8,86
47,0,18,['978-5-532-96680-2'],439.0,2021-05-21,114,570.0,,5.0,3691
48,0,0,['978-5-8459-0376-1'],1200.0,2015-01-30,15,1003.0,,4.3,288
49,0,16,['978-5-386-14975-8'],599.0,2023-03-22,7,688.0,,4.8,40
50,1,12,['978-5-00117-844-6'],599.0,2017-10-25,788,,21257.0,4.5,6592
51,0,18,['978-5-389-24458-0'],408.0,2023-11-15,19,300.0,,4.8,181
52,0,18,,249.0,2023-11-07,37,260.0,,4.8,302
53,0,18,['978-5-353-10847-4'],499.0,2023-10-25,139,697.0,,4.5,1008
54,0,18,,149.0,2022-08-09,57,80.0,,4.5,317
55,0,12,"['978-985-15-1659-5', '9789851523241']",688.0,2015-06-17,1023,231.0,,4.6,12639
56,1,12,['978-5-00146-853-0'],529.0,2013-05-17,155,,26529.0,4.6,1185
57,0,16,['978-5-04-188088-0'],479.0,2023-06-05,69,411.0,,4.7,1090
58,0,16,['978-5-907337-12-1'],490.0,2022-12-26,7,243.0,,4.7,42
59,0,16,['978-5-4448-1414-7'],490.0,2020-08-19,62,639.0,,4.4,458
60,0,12,['978-985-15-3207-6'],524.0,2017-04-06,447,173.0,,4.8,2872
61,0,12,"['978-5-98995-116-1', '978-0-7494-7575-8']",509.7,2017-12-16,4,143.0,,4.2,54
62,0,12,['978-5-6048478-8-6'],509.7,2022-12-09,6,121.0,,4.6,42
63,0,18,['978-5-389-19267-6'],499.0,2021-02-18,51,1115.0,,4.6,452
64,0,6,['978-5-6046301-9-8'],1950.0,2023-09-06,4,114.0,,4.5,18
65,0,16,['978-5-00131-245-1'],399.0,2021-10-20,90,340.0,,4.6,1005
66,0,0,['9785001398035'],749.0,2022-09-20,7,1170.0,,4.7,49
67,0,16,['9785961448986'],449.0,2017-09-04,1675,180.0,,4.3,20182
68,1,16,['978-5-04-170693-7'],699.0,2022-06-17,37,,65984.0,4.8,302
69,0,12,,149.0,2023-09-27,10,260.0,,4.7,190
70,0,16,,229.0,2023-11-07,25,270.0,,4.9,306
71,0,18,,490.0,2023-09-15,75,390.0,,5.0,1440
72,0,12,['978-5-905641-82-4'],659.7,2021-07-15,14,170.0,,3.7,72
73,0,18,,690.0,2023-09-30,57,110.0,,4.5,187
74,0,16,,229.0,2023-10-03,55,260.0,,4.8,685
75,0,16,,229.0,2023-11-05,68,260.0,,4.9,671
76,0,18,['978-5-532-93726-0'],124.5,2021-11-05,151,210.0,,4.6,1178
77,0,18,['978-5-532-97749-5'],249.0,2021-04-09,119,230.0,,4.8,948
78,0,16,,249.0,2023-09-02,8,280.0,,4.6,94
79,0,16,['978-5-04-190779-2'],269.0,2023-08-17,29,290.0,,4.7,310
80,0,12,['978-5-9614-3737-9'],799.0,2017-08-08,20,881.0,,4.1,348
81,0,16,['9785001460640'],499.0,2013-11-06,158,323.0,,4.4,1852
82,0,16,['978-5-906686-81-7'],399.0,2019-01-25,584,269.0,,4.6,4831
83,1,18,,399.0,2022-12-12,64,,27002.0,4.7,1241
84,1,16,['4640174172873'],399.0,2023-06-15,146,,45834.0,5.0,968
85,1,16,['978-5-535-10191-0'],399.0,2022-04-19,162,,27097.0,4.4,1508
86,0,12,"['978-5-7905-0544-7', '978-5-386-06017-6']",399.0,2011-06-17,63,,,2.9,1017
87,0,16,['978-5-17-150328-4'],249.0,2023-02-21,87,311.0,,4.8,1374
88,0,16,,199.0,2023-06-26,71,280.0,,4.8,522
89,0,18,,159.0,,127,,,4.9,1662
90,1,16,['978-5-535-00775-5'],989.0,2018-09-23,21,,51305.0,4.4,266
91,0,16,['978-5-17-156938-9'],449.0,2023-10-10,16,710.0,,4.4,172
92,0,16,,285.35,2023-02-21,98,240.0,,4.8,886
93,0,16,,179.0,2022-09-09,158,330.0,,4.7,1604
94,0,16,,179.0,2023-06-20,103,390.0,,4.8,1229
95,0,16,['978-5-04-091564-4'],409.0,2018-08-31,108,794.0,,4.6,1480
96,0,18,['978-5-17-087295-4'],174.5,2014-12-08,221,710.0,,4.4,3155
97,0,16,['978-5-4467-3065-0'],279.0,2009-07-16,162,890.0,,4.8,1405
98,0,16,['978-5-699-98630-9'],579.0,2018-02-24,768,221.0,,4.4,7731
99,0,16,,229.0,2023-08-03,44,270.0,,4.9,605
100,0,16,"['978-5-04-186678-5', '978-5-04-186649-5']",389.0,2023-08-01,13,281.0,,4.9,664
101,0,12,['978-5-7454-1280-6'],299.0,2013-12-16,1735,131.0,,4.8,15174
102,1,16,,599.0,2019-11-05,592,,37097.0,4.8,5712
103,1,16,,609.0,2017-11-15,218,,55229.0,4.6,2109
104,0,16,['978-5-04-175461-7'],349.0,2023-02-21,38,240.0,,4.8,754
105,0,16,,149.0,2023-07-19,7,260.0,,4.7,125
106,0,16,['978-5-04-181568-4'],289.0,2023-02-22,33,231.0,,4.6,516
107,0,18,['978-5-04-155088-2'],279.0,2021-07-22,87,281.0,,4.6,1191
108,0,16,['978-5-17-982747-4'],249.0,2017-11-17,222,250.0,,4.9,3015
109,0,16,,164.0,2023-10-25,69,340.0,,4.9,527
110,0,16,['978-5-04-195622-6'],279.0,2023-11-27,22,290.0,,4.8,175
111,0,16,['978-5-04-096135-1'],629.0,2019-02-16,256,137.0,,4.8,1449
112,1,12,['978-5-6049561-7-5'],659.7,2023-09-04,7,,16327.0,4.3,52
113,1,16,,629.0,2019-03-18,737,,14713.0,4.9,4450
114,1,16,['978-5-04-196492-4'],519.0,2023-11-28,60,,37776.0,4.9,377
115,0,18,['978-5-17-145518-7'],249.5,2023-06-16,24,891.0,,4.1,167
116,0,16,['978-5-98995-110-9'],449.7,2020-05-27,15,461.0,,4.6,119
117,1,16,['978-5-04-188358-4'],519.0,2023-08-25,137,,56083.0,4.9,948
118,0,16,['978-5-04-173587-6'],489.0,2023-03-21,244,431.0,,4.4,2399
119,0,12,['978-5-905641-06-0'],359.7,2015-07-26,176,396.0,,4.6,1396
120,0,18,['978-5-532-99084-5'],349.0,2020-06-30,105,450.0,,5.0,3040
121,0,18,,199.0,2023-06-06,27,240.0,,4.6,346
122,0,16,['9785001959458'],449.0,2023-09-12,8,361.0,,4.7,102
123,0,16,['978-5-9614-2004-3'],599.0,2012-10-12,738,1880.0,,4.2,7818
124,0,16,,199.0,2023-11-28,97,270.0,,4.5,468
125,0,18,['978-5-04-196235-7'],339.0,2023-11-23,16,441.0,,4.7,120
126,0,12,['978-5-98995-097-3'],449.7,2015-07-31,83,331.0,,4.5,580
127,0,16,['978-5-04-191885-9'],399.0,2023-09-21,38,194.0,,4.6,235
128,0,18,,318.5,2022-03-26,30,231.0,,4.9,792
129,0,16,['978-5-905641-83-1'],659.7,2021-07-21,28,260.0,,4.4,161
130,0,6,['9785961478341'],549.0,2022-03-14,32,133.0,,4.8,189
131,0,18,['978-5-17-156838-2'],399.0,2023-10-15,284,307.0,,4.9,1362
132,0,16,['978-5-17-087261-9'],799.0,2017-08-31,96,1610.0,,4.4,1274
133,0,18,['978-5-00131-156-0'],349.0,2019-12-05,212,441.0,,4.8,2243
134,0,16,['978-5-0013-9315-3'],499.0,2020-06-12,81,598.0,,4.9,420
135,1,16,,569.0,2020-01-14,580,,19872.0,4.9,3593
136,1,18,,448.5,2022-09-14,74,,28215.0,4.7,1087
137,0,18,['978-5-532-97548-4'],490.0,2020-04-03,261,490.0,,5.0,6956
138,0,16,,170.0,2023-11-09,206,340.0,,4.7,1825
139,0,16,,229.0,2023-12-06,101,260.0,,4.9,714
140,0,18,['978-5-386-14942-0'],449.0,2023-07-24,15,720.0,,4.7,234
141,0,16,['978-5-905891-52-6'],299.0,2014-12-26,618,400.0,,4.8,4317
142,0,18,,199.0,2023-09-18,25,240.0,,4.8,364
143,0,18,['978-5-532-97552-1'],369.0,2020-01-10,326,650.0,,4.9,7416
144,0,16,['978-5-9614-2317-4'],399.0,2012-11-07,561,140.0,,4.7,6721
145,1,16,,399.0,2023-06-19,87,,26598.0,4.4,884
146,1,12,['978-91-7791-581-2'],399.0,2014-09-10,58,,24672.0,4.8,910
147,0,16,['978-5-535-24723-6'],199.0,2023-08-01,28,260.0,,4.9,853
148,0,16,['978-5-04-158137-4'],449.0,2021-09-24,230,330.0,,4.5,3076
149,1,16,['978-5-535-00243-9'],344.0,2010-02-08,364,,60799.0,4.8,4154
150,0,16,,229.0,2023-07-04,31,260.0,,4.9,619
151,0,16,,229.0,2023-04-21,27,270.0,,4.9,719
152,0,16,,249.0,2023-04-01,157,354.0,,4.9,1052
153,0,16,['978-5-04-190071-7'],679.0,2023-08-07,15,1512.0,,4.8,61
154,0,16,['978-5-906686-03-9'],389.0,2019-01-25,245,204.0,,4.6,1933
155,0,18,['978-5-04-188968-5'],439.0,2023-07-07,19,491.0,,4.9,684
156,1,16,['978-5-535-00647-5'],339.0,2017-06-21,1318,,42352.0,4.9,8520
157,0,18,['978-5-4467-0335-7'],339.0,2008-02-28,142,370.0,,4.5,2551
158,0,16,,299.0,2022-08-27,836,420.0,,4.9,4939
159,0,16,['978-5-04-184560-5'],269.0,2023-05-04,36,201.0,,4.7,411
160,0,16,,199.0,2022-11-14,47,210.0,,4.7,849
161,0,16,,199.0,2022-09-28,55,620.0,,4.8,722
162,0,16,,149.0,2023-07-21,3,260.0,,4.8,98
163,0,16,,149.0,2023-07-21,3,250.0,,4.6,113
164,0,16,,149.0,2023-07-24,4,260.0,,4.6,96
165,0,16,,279.0,2023-06-14,105,300.0,,4.8,1681
166,1,16,,249.0,2023-09-01,19,,28579.0,4.8,388
167,1,18,,669.0,2020-04-11,127,,66812.0,4.8,721
168,0,18,['978-5-04-173799-3'],369.0,2022-10-04,69,320.0,,4.8,822
169,0,16,,439.0,2023-07-31,13,283.0,,4.8,370
170,0,16,['978-5-906791-44-3'],329.0,2019-02-05,128,251.0,,4.6,1059
171,0,16,,249.0,2023-06-19,27,260.0,,4.8,574
172,0,16,,249.0,2023-04-20,216,190.0,,4.7,3944
173,0,18,,249.0,2022-10-24,170,310.0,,4.9,4855
174,0,16,['978-5-389-09224-2'],499.0,2014-11-19,228,550.0,,4.5,3323
175,0,16,['978-5-17-145806-5'],249.0,2021-12-31,125,321.0,,4.6,2096
176,0,16,['978-5-389-22395-0'],344.0,2022-12-09,48,442.0,,4.8,483
177,0,12,['978-5-17-137841-7'],199.5,2022-08-24,3,470.0,,4.1,51
178,0,16,['978-5-04-157992-0'],319.0,2014-06-10,97,663.0,,4.4,885
179,0,16,['978-5-17-146815-6'],319.0,2022-08-18,198,400.0,,4.6,1663
180,0,18,,149.0,2023-01-18,85,290.0,,4.8,1142
181,0,16,['978-5-496-02276-7'],699.0,2017-04-25,10,1104.0,,4.1,145
182,0,12,['978-5-905641-48-0'],509.7,2018-01-14,8,148.0,,3.9,78
183,0,16,['978-5-17-982583-8'],349.0,2018-12-01,7,340.0,,3.8,13
184,0,0,['978-5-238-01873-7'],700.0,2022-03-30,0,376.0,,3.7,3
185,1,16,['978-5-04-162759-1'],619.0,2022-02-26,5,,20973.0,4.7,61
186,0,18,['978-5-0059-9068-6'],164.0,2023-04-07,4,201.0,,5.0,47
187,1,16,['978-5-04-119387-4'],499.0,2021-06-30,6,,18447.0,3.9,19
188,1,12,['978-5-04-155756-0'],339.0,2021-06-25,8,,12714.0,4.6,32
189,1,16,,279.0,2023-06-26,5,,2393.0,4.8,18
190,1,12,,509.7,2018-06-28,6,,41160.0,4.3,74
191,1,12,,509.7,2018-10-23,5,,12906.0,4.2,26
192,0,16,,279.0,2023-06-26,4,20.0,,4.9,14
193,1,12,['978-5-905641-95-4'],659.7,2022-03-07,4,,33420.0,4.5,11
194,0,18,['978-5-17-153663-3'],589.0,2023-05-10,3,340.0,,5.0,6
195,0,18,,249.0,2021-09-20,9,120.0,,4.2,57
196,1,16,['978-5-535-22967-6'],1979.0,2020-01-30,7,,61776.0,4.4,54
197,1,18,['978-5-17-131737-9'],419.0,2021-06-24,3,,26636.0,5.0,16
198,0,12,['978-5-04-120265-1'],369.0,2021-03-30,14,111.0,,4.3,37
199,0,16,['978-5-04-116927-5'],339.0,2021-04-10,8,179.0,,4.7,68
200,0,16,['9785001951636'],449.0,2022-07-04,4,243.0,,4.8,19
201,1,16,['978-5-17-131844-4'],499.0,2021-07-14,21,,129205.0,4.5,129
202,0,18,['978-5-04-119257-0'],419.0,2021-03-24,7,281.0,,3.9,20
203,0,18,['978-5-00116-676-4'],291.85,2023-02-17,20,480.0,,4.9,214
204,0,18,,169.0,2023-03-20,41,190.0,,4.3,228
205,1,12,['978-5-17-127259-3'],209.5,2020-07-06,4,,14271.0,4.0,17
206,1,18,,253.0,2012-07-18,12,,22223.0,4.7,61
207,0,12,['978-5-98995-091-1'],509.7,2015-07-31,5,138.0,,4.1,21
208,0,18,['978-5-6043605-1-4'],329.0,2022-10-07,3,151.0,,3.6,15
209,0,16,['978-5-04-169323-7'],259.0,2022-06-07,3,200.0,,4.5,11
210,0,18,['978-5-04-169951-2'],439.0,2022-06-18,50,219.0,,4.7,233
211,0,18,,299.0,2022-12-29,2,100.0,,4.2,6
212,0,12,['978-5-905641-47-3'],659.7,2018-04-18,3,506.0,,4.3,34
213,0,12,['9785961474589'],949.0,2021-10-04,6,1267.0,,4.5,11
214,1,16,['978-5-98124-805-4'],989.0,2022-10-22,5,,43124.0,5.0,22
215,1,18,['978-5-6043605-1-4'],329.0,2022-10-11,3,,14280.0,3.5,15
216,0,16,['978-5-04-188586-1'],199.0,2023-06-19,10,380.0,,4.9,118
217,1,18,['978-5-9573-0938-3'],299.0,2008-12-17,93,,16900.0,4.9,2228
218,1,18,['978-5-9573-0937-6'],299.0,2008-12-17,135,,29102.0,4.9,2977
219,0,12,,249.0,2022-09-07,33,280.0,,4.8,580
220,0,6,,249.0,2023-09-30,22,350.0,,4.9,369
221,0,16,,199.0,2022-05-24,243,390.0,,4.8,2357
222,0,18,,199.0,2023-07-05,19,260.0,,4.8,307
223,1,16,['978-5-17-140464-2'],929.0,2022-03-01,66,,295211.0,4.9,317
224,0,12,,990.0,2022-07-13,22,99.0,,4.6,67
225,0,18,['978-5-17-157565-6'],349.0,2023-08-15,8,260.0,,4.4,67
226,1,16,['978-5-04-186455-2'],479.0,2023-06-17,37,,28448.0,4.7,210
227,1,18,['978-5-17-114425-8'],589.0,2020-07-09,145,,71404.0,4.7,1720
228,0,18,['978-5-17-090538-6'],499.0,2015-07-13,234,481.0,,4.3,2431
229,1,16,['978-5-17-143365-9'],349.0,2023-07-04,23,,32133.0,4.8,441
230,0,16,['978-5-17-153063-1'],249.0,2023-01-18,7,290.0,,4.4,55
231,1,16,['978-5-17-140166-5'],1899.0,2022-01-16,11,,356570.0,4.5,195
232,0,16,['9785001699033'],449.0,2021-09-21,176,311.0,,4.2,1197
233,0,16,['9785001953234'],449.0,2022-06-27,9,261.0,,4.6,40
234,1,18,,269.0,2023-01-18,112,,32462.0,4.9,1100
235,0,16,,249.0,2023-08-30,24,300.0,,4.7,213
236,0,16,,149.0,2022-03-10,157,390.0,,4.7,2839
237,1,16,['978-5-17-141913-4'],419.0,2023-03-01,13,,36088.0,4.7,108
238,0,12,['978-5-04-180215-8'],319.0,2023-01-31,48,230.0,,4.4,429
239,0,16,['978-5-9922-0726-2'],259.0,2007-09-10,65,591.0,,4.8,1074
240,0,16,['978-5-04-161438-6'],809.0,2021-11-30,1,711.0,,5.0,8
241,0,18,['978-5-17-119087-3'],399.0,2008-05-27,125,380.0,,4.1,1088
242,0,16,['978-5-271-34087-1'],399.0,2012-11-17,184,998.0,,4.6,4689
243,0,16,['978-5-17-132914-3'],319.0,2021-12-24,235,480.0,,4.7,2928
244,0,16,['978-5-17-092461-5'],319.0,2011-12-22,45,600.0,,4.5,542
245,0,16,,139.0,2020-02-14,133,410.0,,4.7,2602
246,1,12,,519.0,2019-03-12,103,,24428.0,4.8,1061
247,0,16,['978-5-699-78845-3'],309.0,2015-05-25,47,280.0,,4.6,497
248,1,16,['9785961451627'],599.0,2018-01-26,187,,21069.0,4.8,1194
249,0,16,['978-5-532-05972-6'],176.0,2020-06-08,423,185.0,,4.6,2618
250,0,12,,164.0,2023-07-22,53,370.0,,4.8,624
251,0,18,['978-5-6048363-5-4'],379.0,2023-06-05,29,431.0,,4.8,249
252,0,16,['978-5-04-190778-5'],399.0,2023-08-05,20,452.0,,4.8,134
253,0,16,['978-5-17-116180-4'],379.0,2019-06-24,0,131.0,,3.7,23
254,1,16,,369.0,2021-04-10,5,,20082.0,4.5,40
255,0,16,['978-5-17-151542-3'],179.0,2023-08-03,4,380.0,,4.3,27
256,1,16,,339.0,2019-12-10,11,,12687.0,4.6,65
257,1,16,['978-5-04-169338-1'],339.0,2022-07-13,5,,21471.0,4.2,28
258,0,12,['978-5-6046877-9-6'],329.0,2022-11-01,4,183.0,,4.7,13
259,1,12,['978-5-6046877-9-6'],329.0,2022-11-03,4,,19771.0,4.7,32
260,0,16,['978-5-17-135750-4'],319.0,2021-05-20,9,319.0,,4.6,38
261,1,18,['978-5-535-10461-4'],253.0,2020-02-11,10,,34397.0,4.6,121
262,0,16,,164.0,2023-10-11,9,390.0,,4.9,80
263,0,0,['978-5-04-159166-3'],299.0,2023-09-14,1,247.0,,5.0,4
264,1,16,,229.0,2023-06-06,6,,14631.0,5.0,882
265,1,16,['978-5-535-01134-9'],249.0,2021-06-23,32,,30871.0,4.9,380
266,1,16,['978-5-535-01382-4'],249.0,2021-12-22,28,,27865.0,4.8,339
267,1,16,['978-5-535-01021-2'],249.0,2020-12-16,40,,33041.0,4.8,373
268,0,16,['978-5-04-112700-8'],279.0,2020-07-23,9,310.0,,4.4,187
269,1,12,['978-5-17-116840-7'],279.0,2020-07-24,37,,12405.0,4.7,274
270,1,12,,269.0,2018-04-23,12,,19534.0,4.7,94
271,1,16,['978-5-535-22619-4'],269.0,2022-12-15,11,,38070.0,4.8,214
272,0,12,['978-5-17-099533-2'],219.0,2016-11-10,36,232.0,,4.6,391
273,0,12,['978-5-4484-7167-4'],169.0,2018-04-27,6,340.0,,4.8,58
274,0,16,['978-5-699-91149-3'],209.0,2016-11-09,15,625.0,,4.5,101
275,0,18,,199.0,2023-03-06,55,250.0,,4.7,606
276,0,16,['978-5-17-151541-6'],179.0,2023-02-01,3,330.0,,4.5,63
277,0,16,,0.0,2022-09-03,19,240.0,,4.4,288
278,1,12,,509.7,2018-01-31,3,,38279.0,4.2,43
279,0,12,['978-5-98995-079-9'],509.7,2015-08-05,3,190.0,,3.6,41
280,0,12,['978-5-98995-118-5'],509.7,2018-05-29,4,321.0,,4.1,24
281,0,18,,990.0,2023-08-03,4,220.0,,3.2,11
282,0,16,['978-5-04-168325-2'],699.0,2023-01-23,5,493.0,,4.9,16
283,1,12,,509.7,2018-05-31,5,,20982.0,3.7,48
284,1,12,,509.7,2018-12-06,9,,30090.0,3.2,46
285,0,12,['9785444820315'],599.0,2022-05-24,4,661.0,,3.6,7
286,0,12,['9785001395072'],499.0,2021-07-08,7,490.0,,4.6,27
287,0,16,['978-5-04-103527-3'],689.0,2020-12-03,5,323.0,,4.8,11
288,0,16,['978-5-9614-4089-8'],699.0,2020-11-03,12,195.0,,4.7,75
289,0,0,,149.0,2023-07-17,3,260.0,,4.8,106
290,0,16,,149.0,2023-07-26,7,260.0,,4.6,91
291,1,16,['978-5-17-140236-5'],159.5,2022-02-04,41,,30843.0,4.7,363
292,0,16,['978-5-04-156789-7'],369.0,2021-09-02,194,350.0,,4.4,2815
293,0,18,['978-5-17-091382-4'],499.0,2011-06-07,292,651.0,,4.5,4471
294,0,18,,249.0,2023-05-05,279,390.0,,4.9,2426
295,1,18,,990.0,2023-09-12,3,,25934.0,4.9,70
296,1,0,,990.0,2023-11-13,1,,7927.0,3.1,10
297,1,12,,690.0,2023-08-23,4,,14186.0,5.0,5
298,1,16,,344.0,2023-08-14,59,,113856.0,4.7,418
299,1,16,['978-5-535-00861-5'],429.0,2019-07-15,444,,26958.0,4.7,3642
300,0,12,['978-5-905641-97-8'],509.7,2022-03-15,6,120.0,,4.7,47
301,0,12,['978-5-6049561-2-0'],509.7,2023-05-29,5,130.0,,4.7,18
302,0,12,['978-5-905641-49-7'],509.7,2018-06-19,5,351.0,,3.9,40
303,0,16,['978-5-9922-2078-0'],130.0,2015-11-19,62,510.0,,4.6,1598
304,0,16,['978-5-17-137227-9'],419.0,2014-10-01,24,760.0,,4.6,312
305,0,16,['978-5-04-187685-2'],349.0,2023-06-14,33,381.0,,4.5,222
306,0,16,['978-5-17-122011-2'],299.0,2021-02-24,6,230.0,,4.3,82
307,0,12,['978-5-17-105207-2'],649.0,2017-03-29,45,2459.0,,4.6,580
308,0,18,,139.0,2023-07-02,32,270.0,,4.9,505
309,0,18,,185.0,2023-07-11,33,280.0,,4.9,331
310,0,6,['978-5-04-184541-4'],689.0,2023-03-17,4,611.0,,4.7,6
311,1,16,['9785961409178'],549.0,2018-06-08,577,,19014.0,4.4,6852
312,0,18,,149.0,2023-07-17,18,320.0,,4.7,307
313,0,16,['978-5-00170-879-7'],349.0,2023-08-31,10,707.0,,4.9,35
314,0,16,['978-5-04-189591-4'],279.0,2023-08-03,23,262.0,,4.3,106
315,0,12,['978-5-4461-0361-4'],399.0,2017-09-11,5,183.0,,4.3,109
316,0,16,['978-5-89059-326-9'],399.0,2021-04-21,31,410.0,,4.8,355
317,0,18,,199.0,2022-08-01,152,420.0,,4.9,1355
318,0,16,,349.0,2021-09-30,60,123.0,,4.6,236
319,0,18,['978-5-389-07398-2'],499.0,2014-01-22,311,500.0,,4.6,5081
320,0,0,['978-5-09-101387-0'],500.0,2022-11-01,8,162.0,,4.2,45
321,1,16,,449.7,2017-05-11,37,,37647.0,4.4,321
322,0,16,['978-5-386-14673-3'],499.0,2022-12-12,3,597.0,,5.0,10
323,0,12,['978-5-9614-2086-9'],499.0,2018-11-27,7,477.0,,3.8,43
324,0,16,['9785002230464'],499.0,2023-06-26,7,430.0,,3.7,21
325,0,18,,189.0,2022-04-08,57,340.0,,4.8,1174
326,0,16,,189.0,2023-07-05,28,290.0,,4.9,555
327,0,12,,690.0,2022-11-01,6,1985.0,,5.0,61
328,0,16,,690.0,2023-05-01,86,100.0,,4.7,308
329,0,16,['978-5-17-107192-9'],319.0,2010-07-20,201,320.0,,4.6,4096
330,0,16,,114.4,2021-06-03,307,230.0,,4.8,6046
331,0,16,,170.0,2022-09-22,212,340.0,,4.9,3149
332,0,16,,149.0,2023-07-14,6,250.0,,4.5,115
333,1,16,,249.0,2023-03-16,55,,35255.0,4.7,895
334,0,0,['978-5-9614-3080-6'],499.0,2015-12-23,67,346.0,,4.3,454
335,1,16,['9789180430814'],499.0,2022-10-10,9,,23539.0,4.9,66
336,0,12,['9785961450248'],499.0,2017-12-11,57,481.0,,4.5,318
337,0,18,['9785444821644'],399.0,2023-05-10,4,357.0,,4.7,47
338,0,16,,249.0,2023-10-18,28,420.0,,4.6,274
339,0,16,,199.0,2023-06-12,104,320.0,,4.8,1441
340,1,16,['978-5-17-120968-1'],619.0,2020-04-20,256,,75860.0,4.7,2133
341,0,16,,164.0,2022-07-28,47,240.0,,4.9,1723
342,0,16,['978-5-17-147565-9'],349.0,2023-03-01,36,293.0,,4.8,278
343,1,16,,349.0,2018-05-08,261,,8878.0,4.6,3234
344,0,18,['978-5-532-17865-6'],149.0,2019-10-10,195,370.0,,4.8,3045
345,1,16,['978-5-17-084861-4'],399.0,2016-10-23,506,,24708.0,4.8,3546
346,0,16,['978-5-04-093907-7'],339.0,2018-06-21,108,230.0,,4.5,2114
347,0,18,['978-5-04-164376-8'],589.0,2022-02-05,4,384.0,,4.3,25
348,0,16,,249.0,2022-12-12,97,330.0,,4.9,967
349,0,18,,249.0,2022-10-25,89,320.0,,4.9,3868
350,0,12,['978-617-635-080-4'],930.0,2018-06-06,40,335.0,,4.1,186
351,0,16,['978-5-04-177438-7'],329.0,2022-11-17,56,210.0,,4.8,600
352,0,16,['978-5-04-167813-5'],309.0,2022-05-27,111,200.0,,3.6,739
353,0,16,['978-5-04-159493-0'],379.0,2021-11-15,289,310.0,,4.6,3573
354,0,16,['978-5-532-08716-3'],499.0,2019-11-13,231,126.0,,4.5,1240
355,0,16,['9785001952879'],449.0,2022-08-10,78,182.0,,4.7,539
356,0,18,,399.0,2022-11-08,62,250.0,,5.0,3053
357,0,16,,399.0,2022-06-17,11,172.0,,4.5,63
358,0,16,['978-5-532-96838-7'],299.0,2019-12-24,302,273.0,,4.9,4509
359,0,16,,199.0,2023-09-26,13,560.0,,4.9,188
360,0,18,,149.0,2023-04-25,70,290.0,,4.7,692
361,1,16,,399.0,2023-10-16,36,,30985.0,4.7,578
362,0,18,['9785001310648'],349.0,2019-02-06,327,420.0,,4.7,3396
363,1,16,['9785001464570'],434.85,2019-12-05,668,,46524.0,4.8,4830
364,0,18,,439.0,2022-11-11,23,90.0,,4.8,181
365,0,16,,199.0,2023-11-03,16,310.0,,4.8,280
366,0,16,['978-5-17-158509-9'],249.0,2023-11-14,31,320.0,,4.8,547
367,0,16,,249.0,2023-11-03,17,230.0,,4.8,270
368,0,12,['9785961486315'],291.85,2023-02-16,55,261.0,,4.7,318
369,0,18,,299.0,2023-02-26,47,272.0,,5.0,436
370,1,16,,269.0,2023-11-15,61,,36954.0,4.8,697
371,0,18,,199.0,2023-07-08,23,220.0,,4.7,363
372,0,16,['978-5-17-156147-5'],319.0,2023-07-10,139,351.0,,4.8,1637
373,0,16,['978-5-17-153730-2'],379.0,2023-02-11,405,351.0,,4.8,4330
374,0,18,['978-5-04-174156-3'],599.0,2022-09-29,280,381.0,,4.4,2528
375,0,18,['978-5-532-97550-7'],439.0,2020-02-27,123,451.0,,5.0,6308
376,0,16,['978-5-386-14981-9'],499.0,2016-10-13,46,712.0,,4.6,396
377,0,18,['978-5-17-148330-2'],249.5,2023-09-25,9,535.0,,4.5,46
378,0,16,['978-5-04-103490-0'],379.0,2019-12-07,199,161.0,,4.7,1111
379,0,18,['978-5-17-085448-6'],199.5,2014-11-28,598,1022.0,,4.4,8214
380,0,0,['9785961420210'],599.0,2012-10-16,263,583.0,,4.4,3176
381,0,18,['978-5-532-97551-4'],399.0,2020-01-24,108,570.0,,5.0,6478
382,0,18,['978-5-271-45385-4'],449.0,2013-01-06,548,386.0,,4.5,5957
383,0,16,,247.0,2023-11-09,85,310.0,,4.8,839
384,0,16,['978-5-17-138988-8'],379.0,2021-08-08,755,330.0,,4.8,8442
385,0,16,['978-5-04-193878-9'],329.0,2023-11-06,17,240.0,,4.3,108
386,1,16,['9785961451382'],499.0,2017-12-29,342,,18846.0,4.7,3382
387,0,18,,299.0,2022-10-13,17,80.0,,4.7,216
388,0,16,['978-5-3861-0461-0'],699.0,2021-05-24,28,1022.0,,3.9,146
389,0,16,,247.0,2023-10-04,59,332.0,,4.9,1207
390,1,16,['978-5-04-157373-7'],529.0,2021-08-23,1409,,24045.0,4.8,4973
391,1,16,['9785961491494'],799.0,2023-08-08,33,,235481.0,4.3,231
392,0,16,['978-5-86471-887-2'],350.0,2021-11-19,138,380.0,,4.7,1269
393,0,16,['978-5-04-184412-7'],509.0,2023-03-20,86,391.0,,4.8,1542
394,1,18,['978-5-04-193449-1'],599.0,2023-09-29,104,,48908.0,4.4,857
395,1,12,['9785961431056'],849.0,2013-04-04,265,,57306.0,4.5,3411
396,0,18,['978-5-17-097119-0'],174.5,2016-11-15,443,1020.0,,4.5,3813
397,0,16,,176.0,2023-07-25,73,284.0,,4.8,436
398,1,16,['978-5-04-159573-9'],659.0,2021-11-03,107,,33522.0,4.7,1237
399,0,16,['978-5-906940-62-9'],449.0,2018-04-20,1018,271.0,,4.5,10582
400,0,18,['978-5-00116-946-8'],449.0,2023-09-01,20,870.0,,4.7,138
401,0,16,['978-5-532-92683-7'],299.0,2022-01-12,150,378.0,,4.9,2114
402,0,16,,299.0,2018-03-12,83,191.0,,4.9,2057
403,0,16,['978-5-906897-27-5'],389.0,2019-02-05,153,267.0,,4.7,1108
404,0,18,,690.0,2021-07-09,876,110.0,,4.8,1397
405,0,16,['978-985-15-3204-5'],280.0,2017-04-06,1767,137.0,,4.8,16043
406,0,16,['978-5-98124-482-7'],769.0,2014-12-03,43,514.0,,4.3,265
407,0,18,['978-5-04-185079-1'],289.0,2023-04-06,89,441.0,,4.8,1224
408,1,12,['9785001462118'],599.0,2017-12-21,102,,62649.0,4.3,885
409,0,0,['978-5-0013-9357-3'],599.0,2020-10-23,14,575.0,,4.4,72
410,0,16,['9785001178446'],499.0,2016-06-15,915,200.0,,4.3,9097
411,0,12,['978-5-532-96747-2'],399.0,2021-05-17,139,220.0,,4.8,1457
412,0,18,,249.0,2023-06-10,57,310.0,,4.8,820
413,0,16,['978-5-04-161796-7'],619.0,2021-12-02,225,500.0,,4.9,1498
414,0,0,,990.0,2023-07-21,3,102.0,,4.3,9
415,0,12,,990.0,2022-10-21,12,120.0,,5.0,40
416,1,16,['978-5-535-01010-6'],989.0,2020-12-08,19,,32710.0,4.8,96
417,0,16,['978-5-222-40071-5'],269.0,2023-05-29,45,330.0,,4.6,525
418,0,16,,164.0,2023-04-28,21,320.0,,4.9,472
419,0,16,,164.0,2023-07-14,28,360.0,,4.8,471
420,0,18,"['978-5-17-094373-9', '978-5-17-101557-2']",829.0,2017-02-15,126,1460.0,,4.5,1830
421,0,16,['978-5-907485-22-8'],800.0,2022-03-22,25,245.0,,4.8,77
422,0,16,['978-5-17-155434-7'],449.0,2023-05-31,17,720.0,,4.5,207
423,0,16,,279.0,2023-03-15,100,300.0,,4.9,1610
424,0,16,,199.0,2023-06-06,182,330.0,,4.8,1293
425,1,12,['978-5-17-123025-8'],199.0,2010-02-25,273,,107143.0,4.7,3442
426,0,16,['978-5-04-102132-0'],359.0,2019-11-09,94,274.0,,4.5,602
427,0,16,['978-5-98124-758-3'],939.0,2020-12-08,6,296.0,,4.6,45
428,0,16,['978-5-17-132913-6'],319.0,2021-06-23,202,500.0,,4.7,2962
429,0,16,['978-5-86471-706-6'],350.0,2015-11-27,277,540.0,,4.7,2848
430,0,16,['978-5-17-138788-4'],499.0,2022-04-15,238,550.0,,4.5,2038
431,1,16,['978-5-535-00773-1'],399.0,2018-09-03,671,,13700.0,4.8,5232
432,1,18,,399.0,2023-02-20,71,,27024.0,4.7,1219
433,1,16,['978-5-535-00777-9'],419.0,2018-09-26,738,,29735.0,4.4,7460
434,0,18,['978-5-532-98874-3'],359.0,2021-01-22,157,190.0,,4.9,3955
435,0,16,['978-5-98124-805-4'],939.0,2022-10-22,7,430.0,,4.9,8
436,0,16,['978-5-04-105893-7'],409.0,2020-12-03,182,231.0,,4.7,1152
437,0,16,,170.0,2023-02-02,292,350.0,,4.9,3227
438,0,16,,249.0,2021-12-03,199,400.0,,4.8,2204
439,1,18,,249.0,2023-10-10,75,,35033.0,5.0,933
440,0,18,['978-5-532-92375-1'],249.0,2022-03-02,76,200.0,,4.8,771
441,0,16,,249.0,2023-07-29,7,280.0,,4.5,97
442,0,18,,249.0,2023-10-15,80,200.0,,4.8,1121
443,0,18,,149.0,2023-10-24,29,300.0,,4.8,349
444,0,16,['978-5-906686-60-2'],219.0,2019-02-05,156,232.0,,4.8,1197
445,0,12,['978-5-699-81351-3'],459.0,2016-02-06,955,326.0,,4.4,8309
446,0,16,['978-5-04-102293-8'],409.0,2018-12-17,366,200.0,,4.6,4985
447,0,18,['978-5-86471-930-5'],370.0,2023-08-09,17,630.0,,4.6,157
448,0,16,,199.0,2022-12-01,148,250.0,,4.8,1873
449,1,16,,659.0,2018-02-06,141,,84041.0,4.8,1585
450,0,16,,175.0,2023-09-24,64,380.0,,4.7,575
451,0,16,,229.0,2023-03-17,67,280.0,,4.6,1027
452,0,18,['978-5-04-159383-4'],379.0,2021-11-02,484,420.0,,4.7,4408
453,0,16,['978-5-04-185080-7'],155.35,2023-04-19,39,240.0,,4.6,602
454,1,12,['978-5-00117-793-7'],599.0,2018-01-22,198,,27272.0,4.6,1637
455,1,16,['978-5-04-157136-8'],499.0,2021-08-26,376,,60787.0,4.5,3323
456,0,16,['9785001468530'],449.0,2012-11-27,190,273.0,,4.6,1669
457,1,18,,399.0,2023-02-02,68,,44944.0,4.9,776
458,0,18,,399.0,2023-05-04,63,186.0,,5.0,2684
459,0,16,['978-5-04-160537-7'],299.0,2021-11-23,51,190.0,,4.9,771
460,0,18,,299.0,2023-06-01,173,500.0,,4.9,3981
461,0,18,,299.0,2023-10-19,183,340.0,,4.9,1430
462,0,16,['978-5-17-146816-3'],319.0,2022-12-06,174,350.0,,4.8,2337
463,1,16,['978-5-04-173075-8'],489.0,2023-03-21,136,,52381.0,4.5,1313
464,0,16,,279.0,2023-08-22,129,300.0,,4.9,1440
465,1,18,['978-5-04-157482-6'],439.0,2021-11-02,604,,48722.0,4.8,4935
466,1,16,['978-5-535-00453-2'],439.0,2014-12-26,193,,34892.0,4.5,3205
467,0,12,['978-5-699-55699-1'],199.0,2016-12-08,1327,240.0,,4.8,19388
468,1,12,['9785001174523'],699.0,2018-11-08,67,,75809.0,4.4,774
469,0,16,,229.0,2023-06-05,23,260.0,,4.8,636
470,0,16,,189.0,2023-07-05,26,330.0,,4.9,457
471,0,16,['978-5-04-161882-7'],379.0,2021-12-14,428,293.0,,4.6,5285
472,1,12,['9785206002348'],749.0,2023-06-05,17,,44997.0,4.8,108
473,0,16,['9785961472844'],449.0,2021-06-09,142,231.0,,4.8,957
474,1,12,['978-5-9614-3421-7'],449.0,2014-03-11,208,,43749.0,4.6,1894
475,1,16,['978-5-532-17874-8'],359.0,2023-03-08,94,,46829.0,4.8,795
476,0,16,,249.0,2023-10-07,4,280.0,,4.5,81
477,0,16,['978-5-04-108442-4'],419.0,2020-03-10,854,370.0,,4.6,8371
478,0,18,,149.0,2023-04-14,57,300.0,,4.9,1031
479,0,16,,149.0,2023-07-18,6,250.0,,4.7,113
480,0,16,['978-5-17-090436-5'],399.0,2015-05-08,2496,450.0,,4.6,29457
481,0,16,['978-5-6048353-1-9'],279.0,2023-06-19,28,260.0,,4.1,186
482,0,16,,15.9,2022-02-07,290,220.0,,4.8,3432
483,0,16,['978-5-04-178186-6'],319.0,2022-12-19,97,100.0,,4.2,1073
484,0,12,,490.0,2023-04-15,14,248.0,,4.9,27
485,1,16,['978-5-535-10213-9'],659.7,2021-08-12,48,,28327.0,4.5,261
486,1,12,['978-5-905641-94-7'],659.7,2022-04-04,6,,25781.0,4.4,64
487,0,12,['978-5-6049561-7-5'],659.7,2023-09-04,3,130.0,,3.9,12
488,0,12,['9785961485493'],549.0,2023-01-23,25,583.0,,4.5,180
489,1,16,['978-5-535-00946-9'],439.0,2020-04-27,911,,16203.0,4.9,8848
490,0,16,['978-5-91994-064-7'],439.0,2015-04-05,62,340.0,,4.6,561
491,0,16,['978-5-17-149181-9'],249.0,2022-11-18,56,310.0,,4.8,1256
492,1,18,,249.0,2023-01-23,85,,64860.0,4.9,1904
493,0,16,['978-5-389-15864-1'],408.0,2018-12-26,992,431.0,,4.4,8660
494,0,18,['9785001959632'],539.0,2023-03-29,29,381.0,,4.6,260
495,1,18,,269.0,2023-04-14,101,,31760.0,4.9,1117
496,0,16,['978-5-17-120071-8'],379.0,2010-07-20,227,574.0,,4.7,3096
497,1,16,['978-5-17-135064-2'],529.0,2012-07-26,229,,81155.0,4.9,1516
498,0,12,['978-5-0013-9051-0'],699.0,2018-11-14,29,1322.0,,4.5,444
499,0,16,['978-5-04-105501-1'],349.0,2020-08-28,205,300.0,,4.6,3971
500,0,18,['978-5-00131-559-9'],349.0,2023-11-01,10,311.0,,4.5,93
501,0,18,['978-5-86471-929-9'],349.0,2023-07-26,10,391.0,,4.5,106
502,0,16,,199.0,2022-03-16,94,250.0,,4.8,1452
503,0,16,,199.0,2023-08-09,71,510.0,,4.9,604
504,0,16,['978-5-04-191013-6'],289.0,2023-08-28,17,180.0,,4.4,199
505,0,16,['978-5-389-10302-3'],408.0,2015-08-12,148,260.0,,4.6,1450
506,0,16,['978-5-17-160375-5'],319.0,2023-12-15,66,350.0,,4.8,352
507,0,18,['978-5-6044959-5-7'],419.0,2022-10-12,41,499.0,,4.3,692
508,1,12,['978-5-535-10211-5'],659.7,2021-07-15,42,,19609.0,4.2,413
509,1,12,['978-5-6048478-1-7'],659.7,2022-09-08,28,,17508.0,4.4,188
510,0,18,['978-5-04-196375-0'],399.0,2023-12-01,21,260.0,,4.5,154
511,1,18,['978-5-535-10180-4'],690.0,2021-04-14,233,,22187.0,4.7,2669
512,0,18,,490.0,2022-01-12,570,940.0,,4.8,8359
513,0,18,['978-5-00131-284-0'],349.0,2020-11-04,1701,301.0,,4.7,14425
514,0,16,,439.0,2023-05-03,142,250.0,,4.9,1472
515,0,12,['978-5-905641-56-5'],659.7,2018-11-21,37,287.0,,4.7,244
516,0,12,['978-5-6048478-1-7'],659.7,2022-09-08,24,140.0,,4.4,130
517,0,16,,439.0,2023-12-20,94,270.0,,4.8,505
518,0,16,['978-5-04-193503-0'],599.0,2023-09-21,144,400.0,,4.5,1293
519,0,18,,399.0,2022-03-05,318,580.0,,4.9,7443
520,0,16,['978-5-04-191573-5'],459.0,2023-08-17,119,271.0,,4.5,1521
521,0,16,['978-5-17-151236-1'],459.0,2023-02-27,63,300.0,,4.5,574
522,0,18,['978-5-532-94634-7'],490.0,2021-03-16,89,191.0,,4.8,1218
523,0,18,,490.0,2023-11-01,86,431.0,,4.9,1800
524,0,18,['9785001699507'],324.35,2019-12-05,1394,401.0,,4.9,11024
525,0,16,['9785906837813'],299.0,2017-11-22,804,412.0,,4.8,6308
526,1,16,['9789178891436'],699.0,2023-10-10,21,,43998.0,4.6,147
527,0,16,['978-5-04-190999-4'],489.0,2023-08-25,87,462.0,,4.9,603
528,0,18,['9785001958215'],449.0,2023-06-27,16,321.0,,4.6,162
529,0,16,,199.0,2023-11-20,52,210.0,,4.7,360
530,0,16,['978-5-4461-1216-6'],529.0,2019-11-19,232,273.0,,4.8,1810
531,0,16,['978-5-04-117369-2'],469.0,2020-10-22,887,171.0,,4.6,6521
532,0,16,['978-5-04-196234-0'],349.0,2023-12-01,9,370.0,,4.6,75
533,1,18,,690.0,2023-09-28,19,,25176.0,4.8,375
534,0,12,['978-5-17-146132-4'],549.0,2022-10-24,156,743.0,,4.9,947
535,0,16,['978-5-04-196236-4'],379.0,2023-11-28,25,332.0,,4.9,207
536,0,18,,399.0,2022-03-05,238,500.0,,4.9,5665
537,0,18,,199.0,2023-11-16,31,290.0,,4.8,456
538,0,18,,490.0,2023-08-28,11,211.0,,4.9,449
539,0,18,['978-5-04-193507-8'],599.0,2023-09-29,132,322.0,,4.4,967
540,0,12,['978-5-9614-2773-8'],499.0,2014-07-04,38,301.0,,4.1,181
541,1,16,['9785001464402'],629.0,2020-03-03,13,,35673.0,4.5,62
542,0,16,,690.0,2022-10-04,3,150.0,,5.0,17
543,1,16,['9785001957003'],549.0,2022-10-17,2,,27327.0,4.5,7
544,0,16,['9785001393818'],599.0,2020-11-23,13,1248.0,,4.2,53
545,1,12,['978-5-17-141762-8'],274.5,2022-11-16,2,,28213.0,5.0,12
546,0,18,['978-5-17-136741-1'],349.0,2021-06-24,2,220.0,,4.0,8
547,1,16,['978-5-17-131761-4'],869.0,2021-06-11,7,,190912.0,4.9,26
548,1,12,,659.0,2019-05-11,46,,56124.0,4.7,300
549,0,16,['978-5-04-118419-3'],419.0,2021-02-17,2,280.0,,4.0,22
550,1,18,,329.0,2022-04-18,36,,39223.0,4.9,512
551,0,12,['978-5-9614-5288-4'],499.0,2018-06-14,15,203.0,,4.4,88
552,0,12,['978-5-17-127259-3'],159.5,2020-07-06,3,130.0,,4.2,21
553,1,16,['9785001699873'],549.0,2021-12-15,3,,37463.0,4.6,30
554,1,0,['978-5-17-143883-8'],319.0,2023-09-26,4,,32687.0,4.5,24
555,1,12,,509.7,2018-09-01,2,,26675.0,3.8,19
556,1,16,['978-5-04-160924-5'],389.0,2022-01-02,3,,35253.0,4.6,34
557,0,12,,690.0,2022-12-06,4,266.0,,5.0,17
558,0,16,['9785001396185'],499.0,2022-01-21,9,469.0,,4.9,57
559,0,12,['978-5-907532-15-1'],990.0,2022-10-31,1,645.0,,5.0,2
560,0,16,['9785001957003'],449.0,2022-09-20,2,255.0,,3.9,12
561,1,16,['978-5-0050-6276-5'],499.0,2020-11-06,94,,12418.0,4.4,410
562,0,12,['978-5-98995-048-5'],659.7,2015-08-12,7,428.0,,3.7,73
563,1,12,['4607031752500'],279.0,2013-10-13,3,,14345.0,4.4,14
564,1,12,,659.7,2019-01-10,7,,39781.0,4.0,38
565,1,16,['978-5-17-140009-5'],499.0,2021-10-15,27,,44656.0,4.7,218
566,1,16,['978-5-17-140163-4'],499.0,2022-02-02,13,,98907.0,4.6,121
567,1,12,['978-5-04-154740-0'],579.0,2021-06-15,11,,15253.0,4.7,122
568,1,16,['978-5-17-141554-9'],449.0,2022-09-05,9,,42699.0,4.9,32
569,1,0,['4607031762110'],229.0,2012-04-14,8,,30417.0,4.7,85
570,0,16,,199.0,2023-01-23,9,91.0,,4.7,13
571,0,18,,199.0,2023-05-13,4,70.0,,4.3,14
572,0,16,,199.0,2021-03-30,71,360.0,,4.5,334
573,1,12,['9785961440836'],599.0,2020-10-14,8,,39236.0,4.7,37
574,1,16,['978-5-04-178368-6'],589.0,2022-12-07,12,,23665.0,4.6,55
575,0,0,['978-5-4263-0739-1'],119.0,2019-07-25,0,193.0,,0.0,0
576,1,16,['978-5-17-128059-8'],379.0,2021-07-22,6,,30849.0,4.0,33
577,0,12,['978-5-905641-85-5'],659.7,2021-09-29,20,140.0,,4.1,109
578,1,12,['978-5-535-00449-5'],549.0,2014-10-29,728,,20984.0,4.6,9490
579,0,18,,399.0,2023-07-03,139,190.0,,5.0,3160
580,0,16,,199.0,2023-06-22,116,240.0,,4.9,1173
581,0,18,,199.0,2023-02-12,26,240.0,,4.7,368
582,0,16,,199.0,2023-10-14,23,270.0,,4.8,285
583,0,18,['978-5-17-158838-0'],349.0,2023-08-18,69,470.0,,4.5,360
584,0,12,['9785961472813'],324.35,2021-05-26,122,112.0,,4.8,623
585,0,16,['978-5-17-135479-4'],449.0,2021-03-23,795,480.0,,4.0,5293
586,0,16,['9785906837233'],399.0,2016-12-08,509,570.0,,4.4,5436
587,1,16,,399.0,2023-08-21,42,,28766.0,4.7,755
588,0,16,['978-5-17-159439-8'],399.0,2023-10-31,21,234.0,,4.8,136
589,0,16,,199.0,2023-10-25,24,320.0,,4.9,233
590,1,12,,609.0,2019-10-08,172,,25559.0,4.7,1674
591,0,16,['978-5-389-22938-9'],499.0,2023-03-29,39,683.0,,4.9,252
592,0,16,['978-5-04-090294-1'],409.0,2018-02-06,133,651.0,,4.8,2005
593,0,16,,690.0,2022-06-18,36,210.0,,4.2,136
594,0,16,['978-5-4461-0637-0'],549.0,2018-01-29,91,447.0,,4.4,809
595,0,12,['9785001174523'],549.0,2018-09-04,62,636.0,,4.2,931
596,1,16,['9785001695134'],549.0,2021-03-22,102,,29018.0,4.9,760
597,1,16,['978-5-4461-1745-1'],549.0,2021-07-14,44,,44913.0,4.7,216
598,1,0,['9785961430929'],549.0,2019-10-29,128,,29309.0,4.9,1147
599,0,16,['978-5-04-089112-2'],419.0,2017-11-15,365,433.0,,4.5,3402
600,0,16,['978-5-04-123118-7'],499.0,2021-08-26,363,423.0,,4.5,3943
601,0,16,['9785001170693'],499.0,2015-03-29,206,454.0,,4.3,2133
602,0,16,['9785001957317'],499.0,2023-07-04,30,162.0,,4.7,182
603,0,16,,399.0,2023-09-12,104,330.0,,4.9,1314
604,0,16,['978-5-532-97283-4'],399.0,2021-04-17,47,221.0,,4.8,270
605,0,16,,249.0,2023-07-04,10,380.0,,4.2,112
606,0,16,['978-5-907056-85-5'],349.0,2021-01-25,433,252.0,,4.7,3061
607,0,16,['978-5-04-173584-5'],399.0,2022-09-08,357,290.0,,4.7,4221
608,0,16,['978-5-04-097345-3'],399.0,2019-02-27,2125,290.0,,4.6,22063
609,0,16,,199.0,2023-09-14,18,260.0,,4.8,271
610,0,16,,199.0,2023-11-16,27,480.0,,4.9,407
611,0,16,['978-985-15-5208-1'],639.0,2022-05-16,21,225.0,,4.7,210
612,0,16,['978-5-04-174122-8'],439.0,2022-12-31,53,331.0,,4.6,763
613,1,16,['978-5-17-142959-1'],549.0,2023-05-25,38,,23640.0,4.8,164
614,1,16,['978-91-5219-931-2'],439.0,2021-12-29,255,,97149.0,4.8,1723
615,0,0,['978-985-15-4643-1'],860.0,2022-12-28,1,432.0,,5.0,2
616,0,12,['978-5-04-175330-6'],529.0,2022-11-10,2,301.0,,4.5,8
617,0,12,['978-5-17-127345-3'],264.5,2022-04-08,1,301.0,,2.8,18
618,0,16,['9789851551398'],844.0,2022-01-18,2,373.0,,4.6,15
619,1,16,['978-5-17-083150-0'],349.0,2014-11-14,67,,31376.0,4.9,486
620,0,18,['978-5-17-134043-8'],349.0,2023-06-08,17,490.0,,4.8,141
621,0,16,['978-5-17-136790-9'],349.0,2021-10-15,41,379.0,,4.6,390
622,0,16,['978-5-17-089361-4'],349.0,2016-02-01,28,421.0,,4.2,329
623,0,16,['978-5-389-20692-2'],344.0,2022-02-17,73,291.0,,4.5,329
624,0,16,['978-5-04-188567-0'],279.0,2023-06-27,11,200.0,,4.6,158
625,0,0,['9785001397151'],799.0,2022-04-20,5,1992.0,,4.9,57
626,0,12,['978-5-17-147312-9'],249.5,2023-04-24,2,637.0,,4.2,5
627,1,16,['978-5-17-143308-6'],499.0,2023-08-01,17,,37755.0,4.9,603
628,0,16,['9785916577426'],399.0,2013-07-15,10,222.0,,4.4,56
629,0,12,['978-5-222-41222-0'],399.0,2023-11-03,5,210.0,,4.7,18
630,0,16,['978-5-17-120973-5'],319.0,2021-12-09,17,270.0,,4.4,180
631,1,18,,253.0,2010-02-05,20,,39205.0,4.6,128
632,1,12,['9785961432169'],749.0,2019-12-18,8,,34923.0,4.6,83
633,0,16,,249.0,2023-06-30,49,410.0,,5.0,388
634,0,16,,249.0,2022-02-12,29,300.0,,4.8,563
635,0,18,,249.0,2023-10-16,6,210.0,,4.7,71
636,0,16,['978-5-17-109625-0'],449.0,2016-01-13,11,359.0,,4.3,78
637,0,16,['978-5-17-135464-0'],299.0,2021-07-22,8,280.0,,4.3,57
638,0,0,"['978-5-17-058152-8', '978-5-17-013935-4', '978-5-271-31776-7', '978-5-271-31790-3']",299.0,2012-06-06,5,440.0,,4.0,41
639,0,16,,179.0,2023-07-13,77,272.0,,4.8,859
640,0,16,['978-5-04-111837-2'],889.0,2020-09-02,26,2100.0,,4.8,341
641,0,12,['9785000572764'],699.0,2014-11-24,1,338.0,,4.3,9
642,0,16,['978-5-532-98387-8'],149.0,2021-02-18,71,170.0,,5.0,3357
643,0,18,,248.0,2023-09-12,20,430.0,,4.8,96
644,0,16,['978-985-15-5074-2'],322.0,2023-10-16,6,192.0,,4.8,25
645,1,16,,319.0,2023-08-28,4,,30340.0,5.0,390
646,0,16,['978-5-04-166875-4'],349.0,2022-04-08,22,300.0,,4.6,218
647,1,16,['978-5-04-144196-8'],389.0,2022-02-02,3,,35895.0,4.9,21
648,1,16,['978-5-17-143343-7'],379.0,2023-07-10,47,,47516.0,4.8,457
649,0,12,['978-5-9614-3551-1'],649.0,2014-11-28,135,486.0,,4.7,1603
650,0,16,['978-5-04-192690-8'],609.0,2023-09-19,51,400.0,,4.8,661
651,0,12,['978-5-699-65045-3'],539.0,2013-11-11,674,374.0,,4.3,8513
652,0,18,,99.9,2022-04-23,64,270.0,,4.9,2665
653,1,12,['978-5-535-10354-9'],659.7,2018-11-21,19,,26533.0,4.8,165
654,1,12,['978-5-905641-85-5'],659.7,2021-09-29,17,,15890.0,4.1,107
655,1,16,,439.0,2021-02-15,1622,,39625.0,4.8,7531
656,1,16,['978-5-535-00544-7'],439.0,2016-07-23,1700,,15494.0,4.7,24379
657,1,18,['9785005800756'],499.0,2023-07-24,75,,102741.0,4.8,378
658,1,16,,589.0,2020-11-23,387,,19405.0,4.7,2599
659,0,16,['978-5-271-40351-4'],1499.0,2014-07-22,332,2800.0,,4.6,6082
660,0,12,['9785206002300'],599.0,2023-06-05,14,407.0,,4.7,77
661,0,18,['978-5-532-97535-4'],399.0,2020-02-12,90,500.0,,5.0,6271
662,0,16,,349.0,2023-06-30,474,400.0,,4.9,2942
663,1,16,['978-5-04-166413-8'],699.0,2022-03-15,736,,46555.0,4.9,3873
664,1,16,['978-5-04-190387-9'],609.0,2023-09-19,52,,41881.0,4.8,626
665,0,16,['978-985-15-2336-4'],582.0,2015-10-02,290,295.0,,4.7,2599
666,1,18,['978-5-535-10179-8'],339.0,2020-11-04,911,,37414.0,4.8,6481
667,0,16,,239.0,2023-10-23,63,240.0,,4.9,522
668,0,16,['978-5-04-105557-8'],299.0,2019-11-05,1740,340.0,,4.7,19658
669,0,16,['9785002141210'],449.0,2023-07-06,5,321.0,,4.3,40
670,0,16,['978-5-9693-0477-2'],8000.0,2022-03-25,4,628.0,,4.5,11
671,1,16,['978-5-4461-1642-3'],499.0,2020-01-22,143,,28870.0,4.8,1165
672,0,16,['9785001695134'],499.0,2021-03-22,246,220.0,,4.9,1881
673,1,18,,490.0,2023-04-28,47,,62317.0,4.9,1017
674,1,12,['978-5-535-00612-3'],344.0,2017-03-07,334,,216745.0,4.8,3296
675,1,12,,549.0,2014-04-18,247,,47341.0,4.5,2167
676,0,16,['978-5-17-151372-6'],379.0,2022-09-09,558,330.0,,4.7,6208
677,0,16,['978-5-17-123305-1'],379.0,2021-05-28,418,370.0,,4.8,5230
678,0,16,['978-5-532-17874-8'],249.0,2020-12-03,385,440.0,,4.8,3515
679,0,16,['978-5-906837-24-0'],299.0,2016-08-29,1724,325.0,,4.9,15503
680,1,16,['978-5-04-192517-8'],499.0,2023-09-21,43,,20620.0,4.8,238
681,1,18,['978-5-04-174255-3'],599.0,2022-09-29,284,,56570.0,4.4,2282
682,0,16,,176.0,2023-06-02,17,260.0,,4.5,277
683,0,18,['978-5-386-14700-6'],399.0,2022-06-30,192,799.0,,4.6,1547
684,1,16,['978-5-535-01443-2'],399.0,2022-02-17,251,,29563.0,4.6,2469
685,0,16,['978-5-04-157629-5'],419.0,2021-08-25,211,188.0,,4.8,902
686,1,18,['978-5-389-19376-5'],499.0,2021-03-05,796,,27047.0,4.8,5477
687,1,18,['978-5-9573-0935-2'],299.0,2008-12-17,571,,31029.0,4.8,8578
688,0,16,,199.0,2023-04-14,71,280.0,,4.8,1319
689,0,16,"['978-5-86471-686-1', '978-5-86471-775-2']",350.0,2014-10-09,808,320.0,,4.6,8077
690,1,12,['9785961447873'],699.0,2020-12-15,71,,101298.0,4.6,351
691,0,16,['9785906791832'],279.0,2019-01-30,198,321.0,,4.8,1414
692,0,16,,199.0,2023-05-12,51,290.0,,4.7,654
693,0,16,,179.0,2023-06-28,403,410.0,,4.9,1796
694,0,18,['978-5-04-099865-4'],529.0,2020-04-11,82,714.0,,4.6,422
695,0,16,['978-5-389-22852-8'],499.0,2023-03-29,41,720.0,,4.8,480
696,1,16,['978-91-5218-635-0'],549.0,2021-10-15,175,,89249.0,4.5,1674
697,0,12,['9785001170655'],499.0,2017-04-05,112,276.0,,4.5,998
698,0,12,['978-5-9614-4752-1'],499.0,2017-05-02,81,150.0,,4.5,482
699,0,16,['978-5-17-145188-2'],759.0,2022-03-01,23,2561.0,,4.8,102
700,0,16,['978-985-15-2564-1'],420.0,2015-10-02,227,290.0,,4.8,2517
701,1,12,,559.0,2019-07-27,299,,42542.0,4.6,3245
702,0,16,['978-5-17-080053-7'],399.0,2013-12-15,159,706.0,,4.2,1716
703,0,16,['978-5-17-116301-3'],399.0,2019-06-24,528,370.0,,4.4,7192
704,0,18,,99.9,2022-07-29,22,300.0,,5.0,2401
705,0,16,['9785001002048'],449.0,2011-05-26,125,165.0,,4.7,1029
706,0,18,,199.0,2023-01-30,42,220.0,,4.6,458
707,1,16,['978-91-7889-150-4'],589.0,2019-09-03,920,,54558.0,4.8,6071
708,1,16,['978-5-04-192396-9'],599.0,2023-09-21,56,,50682.0,4.7,734
709,1,16,['978-5-6045052-2-9'],329.0,2021-02-11,184,,37821.0,4.9,1683
710,0,16,['978-5-86471-673-1'],350.0,2011-09-28,838,331.0,,4.7,9976
711,0,12,['978-5-9614-3597-9'],1049.0,2014-11-28,76,818.0,,4.2,1132
712,1,16,['978-5-04-186466-8'],499.0,2023-06-05,68,,48717.0,4.8,1042
713,0,16,,249.0,2022-12-20,99,410.0,,4.7,1132
714,0,18,,161.85,2023-05-11,56,220.0,,4.7,427
715,0,18,['978-5-532-06929-9'],249.0,2020-04-06,123,230.0,,4.8,1024
716,0,16,,249.0,2023-11-16,10,270.0,,4.7,95
717,0,12,['978-5-9614-2496-6'],649.0,2019-05-24,80,421.0,,4.6,701
718,1,16,['978-5-17-080053-7'],499.0,2016-11-02,236,,53334.0,4.5,2330
719,0,18,['978-5-04-161881-0'],399.0,2021-12-07,394,380.0,,4.7,3470
720,0,16,['978-5-04-159061-1'],399.0,2021-10-21,246,531.0,,4.7,3313
721,1,16,['9785001466512'],529.0,2020-03-05,4,,43060.0,4.0,18
722,1,12,,749.0,2020-11-06,5,,51084.0,3.8,18
723,1,12,['9785961474565'],599.0,2022-03-02,11,,17927.0,4.7,76
724,1,0,['9785961476989'],599.0,2022-01-25,9,,25949.0,3.7,28
725,0,12,,490.0,2022-04-23,5,50.0,,4.3,20
726,1,12,,490.0,2023-03-22,2,,5580.0,3.4,10
727,1,12,,659.7,2021-11-30,3,,30897.0,4.8,18
728,1,12,['9785001176978'],599.0,2019-04-02,5,,38385.0,4.3,27
729,0,12,['978-5-9693-0423-9'],644.0,2019-10-09,1,408.0,,4.2,7
730,0,0,['978-5-9614-7563-0'],499.0,2022-01-25,6,255.0,,3.0,16
731,1,12,['9785961431766'],599.0,2019-12-01,3,,44360.0,4.3,17
732,1,16,['9785001694618'],549.0,2021-03-30,2,,17449.0,3.9,11
733,1,18,['978-5-17-141100-8'],679.0,2022-07-05,5,,7929.0,4.5,40
734,1,16,['9785001467229'],529.0,2020-06-11,4,,16628.0,3.7,14
735,0,12,['978-5-905641-88-6'],659.7,2021-11-30,4,295.0,,4.4,14
736,0,12,['978-5-905641-87-9'],509.7,2021-11-02,3,259.0,,4.7,18
737,1,12,['978-5-17-140719-3'],649.0,2022-04-08,3,,23612.0,3.7,21
738,0,12,['978-5-905641-95-4'],659.7,2022-03-07,3,306.0,,5.0,8
739,1,0,['9785961473582'],599.0,2021-06-04,10,,23855.0,5.0,25
740,1,16,,449.0,2020-08-20,13,,32439.0,4.7,155
741,0,16,['978-5-04-185553-6'],649.0,2023-04-19,4,656.0,,4.0,19
742,0,16,['978-5-907485-26-6'],2222.0,2021-12-10,454,199.0,,3.6,1829
743,0,12,['978-5-905641-39-8'],659.7,2017-03-21,20,273.0,,4.4,136
744,1,12,,349.0,2014-04-17,8,,4055.0,4.3,90
745,1,12,['978-5-17-142670-5'],309.5,2023-04-24,2,,33896.0,4.4,10
746,1,12,,509.7,2021-11-02,4,,26620.0,4.2,22
747,1,18,,429.0,2021-02-19,12,,18790.0,4.9,37
748,0,12,['9785001176978'],449.0,2018-10-31,21,390.0,,3.8,292
749,1,12,,509.7,2018-05-09,5,,18095.0,4.2,43
750,0,16,['978-5-17-155118-6'],379.0,2023-09-06,1,235.0,,4.4,6
751,1,18,['9785001690979'],549.0,2020-10-16,4,,30793.0,4.1,26
752,1,16,['978-5-04-173044-4'],479.0,2022-08-25,3,,14601.0,3.7,19
753,0,18,['978-5-00169-097-9'],449.0,2020-10-16,3,366.0,,4.4,21
754,1,16,['978-5-17-140281-5'],479.0,2022-02-22,5,,31007.0,4.8,24
755,0,12,['978-5-98995-099-7'],509.7,2015-07-31,3,266.0,,3.9,28
756,1,16,['978-5-04-180521-0'],409.0,2023-02-16,7,,58471.0,4.7,31
757,0,16,['978-5-6045426-1-3'],379.0,2022-10-05,11,431.0,,4.8,55
758,1,16,['978-5-17-114988-8'],379.0,2018-06-13,26,,38470.0,4.7,286
759,1,16,['9785961471694'],599.0,2021-03-09,7,,31549.0,4.5,30
760,1,12,['9785961482782'],599.0,2022-09-04,4,,21200.0,5.0,32
761,0,12,['9785961475661'],599.0,2021-12-21,5,362.0,,4.6,19
762,0,16,,199.0,2022-08-29,72,240.0,,4.8,867
763,0,16,['978-5-532-17908-0'],199.0,2021-01-12,186,350.0,,4.8,2731
764,1,12,['978-5-04-179384-5'],699.0,2023-01-12,6,,27092.0,4.6,42
765,0,16,['9785961466003'],549.0,2021-03-23,13,760.0,,4.3,42
766,1,16,['9785001693857'],549.0,2021-04-13,3,,13689.0,4.9,18
767,1,16,['978-5-00195-967-0'],549.0,2023-10-07,3,,20712.0,4.0,6
768,0,16,['9785001464402'],549.0,2020-02-24,7,313.0,,4.2,33
769,0,12,['978-5-04-103319-4'],679.0,2020-10-17,3,496.0,,4.8,13
770,0,16,['978-5-17-136109-9'],339.0,2011-11-09,12,290.0,,4.6,218
771,1,12,,179.0,2021-10-20,14,,36337.0,4.8,146
772,1,16,['9785001465294'],529.0,2020-04-09,7,,45670.0,4.6,70
773,0,16,['978-5-17-108836-1'],319.0,2018-12-20,20,222.0,,4.4,173
774,0,12,['978-5-0013-9047-3'],499.0,2018-10-10,10,486.0,,4.4,81
775,0,12,['9785001173335'],499.0,2018-06-26,5,663.0,,4.1,35
776,0,12,['9785961423181'],499.0,2019-02-06,2,372.0,,3.7,41
777,0,0,['9785961445206'],499.0,2016-12-06,11,265.0,,4.6,106
778,0,0,['978-5-9614-7212-7'],499.0,2021-06-04,21,241.0,,4.8,68
779,0,16,['9785001957515'],291.85,2023-11-08,3,584.0,,4.1,16
780,0,16,,164.0,2023-10-09,8,310.0,,4.7,41
781,0,12,['978-5-699-79267-2'],599.0,2015-09-09,14,495.0,,4.6,67
782,1,16,['978-5-17-140181-8'],199.0,2021-12-06,12,,35761.0,4.7,146
783,0,18,,159.0,2021-12-16,21,230.0,,4.9,315
784,0,18,['978-5-17-148535-1'],589.0,2022-07-05,4,218.0,,4.5,23
785,0,16,['978-5-699-99655-1'],259.0,2017-09-14,27,210.0,,4.7,440
786,0,12,['978-5-04-178899-5'],579.0,2023-01-12,6,241.0,,4.9,16
787,0,16,,99.9,,8,,,4.9,29
788,0,16,['978-5-00146-722-9'],449.0,2020-06-03,18,178.0,,4.0,110
789,0,16,['9785001694618'],449.0,2021-03-30,1,196.0,,4.0,6
790,0,16,['9785001959670'],449.0,2023-07-11,2,173.0,,3.0,7
791,0,16,['9785002140725'],449.0,2023-07-20,5,702.0,,4.9,8
792,0,18,,299.0,2019-08-13,4,530.0,,4.9,146
793,0,12,,299.0,2023-08-02,23,312.0,,5.0,238
794,0,12,,299.0,2023-03-16,105,400.0,,4.8,122
795,0,12,['978-5-04-162634-1'],549.0,2021-12-29,3,349.0,,4.8,15
796,0,12,['978-5-04-100939-7'],549.0,2019-11-30,5,226.0,,4.9,27
797,0,16,['978-5-04-173720-7'],549.0,2022-12-07,7,305.0,,4.7,20
798,0,16,['978-5-04-170677-7'],269.0,2022-07-09,22,101.0,,4.2,90
799,1,16,['978-5-17-109625-0'],529.0,2020-06-05,2,,42893.0,4.7,15
800,0,12,['978-5-04-117729-4'],519.0,2021-05-27,5,206.0,,4.6,36
801,0,16,['9785449366573'],400.0,2018-11-02,18,484.0,,4.6,116
802,0,16,['978-5-17-147158-3'],499.0,2022-09-30,14,850.0,,4.2,77
803,0,12,['9785961478372'],399.0,2022-04-15,2,371.0,,4.7,26
804,0,12,['978-5-00167-183-1'],399.0,2021-01-12,28,190.0,,4.8,214
805,0,16,['9785001172031'],399.0,2014-01-23,12,137.0,,4.4,141
806,1,16,,199.0,2023-09-30,19,,28271.0,4.8,482
807,0,18,['978-5-04-172789-5'],479.0,2022-08-25,4,174.0,,4.4,11
808,0,16,['978-5-17-121069-4'],479.0,2020-04-20,6,880.0,,4.7,130
809,1,16,['978-5-04-188420-8'],239.0,2023-06-02,2,,50971.0,5.0,5
810,0,16,,249.0,2023-09-07,8,250.0,,4.7,22
811,0,18,,249.0,2023-06-07,12,260.0,,4.6,152
812,0,18,,249.0,2022-04-07,6,200.0,,4.3,65
813,0,18,,249.0,2023-06-16,7,260.0,,4.8,107
814,0,16,['978-5-04-106388-7'],229.0,2019-10-12,11,36.0,,4.5,103
815,0,0,['978-5-88880-397-4'],182.0,2023-05-12,2,90.0,,4.5,6
816,0,16,['9785005520630'],360.0,2021-08-18,4,33.0,,4.7,11
817,0,12,['978-5-04-192615-1'],449.0,2023-09-27,1,157.0,,4.7,11
818,1,16,['978-5-17-116180-4'],449.0,2019-06-24,1,,16388.0,4.4,16
819,0,16,['978-5-04-165054-4'],439.0,2022-02-26,7,236.0,,4.7,30
820,0,16,['9785001397601'],349.0,2022-07-20,9,133.0,,4.5,46
821,1,16,['978-5-535-10586-4'],344.0,2019-05-20,18,,36386.0,4.8,283
822,1,12,,339.0,2018-07-30,8,,20709.0,4.3,75
823,1,18,['978-5-6046530-8-1'],419.0,2022-10-10,14,,38819.0,4.8,92
824,0,16,['978-5-17-096933-3'],199.0,2016-05-26,22,300.0,,4.4,248
825,1,12,,319.0,2008-12-04,3,,40689.0,4.5,40
826,1,16,['978-5-04-159084-0'],389.0,2022-02-01,7,,25054.0,5.0,545
827,0,16,['978-5-17-132801-6'],379.0,2022-02-22,3,274.0,,4.4,16
828,1,16,,379.0,2021-02-24,10,,26271.0,3.8,55
829,0,16,['978-5-222-33594-9'],449.0,2021-08-20,4,277.0,,4.4,10
830,0,16,['978-5-04-171790-2'],499.0,2023-03-20,2,351.0,,4.5,6
831,1,6,,179.0,2021-09-13,5,,21655.0,4.9,30
832,1,16,,249.0,2019-07-02,10,,41410.0,4.2,91
833,1,16,['978-5-04-162557-3'],389.0,2022-01-19,5,,47794.0,4.2,25
834,0,18,,199.0,2022-08-20,3,270.0,,4.4,14
835,1,16,['978-5-04-175630-7'],579.0,2022-10-31,4,,27089.0,4.8,36
836,1,18,['978-5-04-174237-9'],289.0,2022-09-21,4,,40259.0,4.4,18
837,1,16,,299.0,2023-04-17,7,,29668.0,4.7,57
838,1,16,['9785957350606'],699.0,2023-06-21,33,,37006.0,4.8,209
839,0,16,['9785001462118'],499.0,2013-04-19,111,581.0,,4.1,1022
840,0,16,['9785001468899'],499.0,2013-10-09,973,231.0,,4.7,7298
841,0,16,['978-5-699-27307-2'],399.0,2016-08-11,100,198.0,,4.3,979
842,0,16,,164.0,2023-04-17,93,410.0,,4.8,1159
843,0,16,,249.0,2023-04-24,231,510.0,,4.9,2146
844,0,16,,176.0,2022-06-30,82,410.0,,4.7,1469
845,1,16,['978-5-535-00496-9'],379.0,2015-12-14,419,,29637.0,4.8,6019
846,0,12,['978-5-98995-081-2'],509.7,2015-08-03,4,321.0,,3.9,41
847,0,12,['978-5-905641-84-8'],509.7,2021-08-17,12,164.0,,4.6,58
848,0,16,['978-5-17-108431-8'],249.0,2018-05-02,197,200.0,,4.9,2786
849,0,16,['978-5-17-080115-2'],169.0,2014-05-07,930,320.0,,4.6,16298
850,0,16,['978-5-17-120575-1'],839.0,2021-01-19,9,898.0,,4.2,89
851,0,18,['978-5-04-191169-0'],699.0,2023-08-29,18,677.0,,4.1,61
852,0,16,['978-5-17-136008-5'],349.0,2022-02-14,171,580.0,,4.8,1435
853,0,16,['978-5-17-127547-1'],349.0,2020-11-16,348,320.0,,4.9,3039
854,0,16,['978-5-6050125-3-5'],279.0,2023-10-16,8,280.0,,4.3,105
855,1,16,,249.0,2023-08-03,18,,30747.0,4.9,423
856,0,16,['978-5-04-102313-3'],289.0,2020-08-19,104,286.0,,4.5,523
857,1,12,['9785961434958'],549.0,2014-04-27,197,,43497.0,4.8,2231
858,0,18,['978-5-9614-4018-8'],549.0,2015-10-22,213,480.0,,4.5,3510
859,0,0,['9785961443882'],549.0,2012-11-07,111,511.0,,4.3,1065
860,0,12,['978-5-496-00997-3'],549.0,2018-03-12,12,924.0,,4.5,194
861,0,16,['978-5-389-17643-0'],344.0,2019-11-26,524,224.0,,4.9,3316
862,0,16,['978-5-04-186685-3'],339.0,2023-04-25,53,755.0,,4.8,444
863,0,16,['978-5-04-181625-4'],409.0,2023-02-14,107,310.0,,4.6,1449
864,0,18,,249.0,2023-07-17,150,340.0,,4.9,1408
865,0,16,['978-5-17-155948-9'],449.0,2023-05-25,63,228.0,,4.7,241
866,1,16,['978-5-04-172621-8'],639.0,2022-12-31,65,,38674.0,4.7,541
867,0,16,,229.0,2023-09-01,38,260.0,,4.7,658
868,0,16,['978-5-17-120968-1'],499.0,2020-04-20,338,581.0,,4.7,3852
869,0,16,['978-5-17-148712-6'],499.0,2023-08-05,5,1022.0,,4.7,31
870,1,16,,399.0,2023-04-17,53,,28797.0,4.6,908
871,0,16,"['978-5-04-110824-3', '978-5-9614-6799-4']",399.0,2017-08-29,1253,224.0,,4.5,11316
872,0,16,['978-5-04-164370-6'],399.0,2022-02-08,93,219.0,,4.7,663
873,0,16,,199.0,2023-03-13,29,390.0,,4.7,396
874,0,16,['978-5-9614-4243-4'],449.0,2020-12-15,35,456.0,,4.0,240
875,0,16,,199.0,2022-11-14,167,280.0,,4.9,2480
876,0,16,['978-5-17-111100-7'],399.0,2018-12-25,204,381.0,,4.6,3209
877,0,18,['978-5-17-137387-0'],174.5,2012-03-07,201,461.0,,4.1,2546
878,0,16,['978-5-04-101317-2'],349.0,2011-07-13,250,240.0,,4.2,2777
879,1,16,['978-5-04-149159-8'],639.0,2020-01-30,145,,27556.0,4.8,879
880,0,0,,990.0,2023-08-03,50,50.0,,4.3,98
881,0,16,,170.0,2023-06-15,411,350.0,,4.9,3846
882,0,16,,490.0,2023-01-23,71,310.0,,4.8,1100
883,1,16,['978-5-04-190377-0'],459.0,2023-08-17,56,,33227.0,4.7,873
884,0,18,['978-5-235-04762-4'],549.99,2023-08-17,13,1301.0,,4.2,75
885,0,12,['978-5-98995-108-6'],659.7,2016-03-25,11,399.0,,4.2,131
886,0,12,['978-5-905641-80-0'],659.7,2021-06-22,10,377.0,,4.7,55
887,1,12,,659.7,2021-12-27,10,,17000.0,4.7,98
888,0,16,['978-5-907469-04-4'],879.0,2022-02-08,15,616.0,,4.2,79
889,0,12,['978-5-9614-2328-0'],549.0,2019-02-27,48,581.0,,4.4,423
890,0,18,['978-5-9614-4952-5'],549.0,2017-10-10,158,1024.0,,4.3,1619
891,0,16,['978-5-98124-417-9'],399.0,2014-12-15,676,342.0,,4.7,4779
892,1,16,,399.0,2022-06-22,89,,27077.0,4.6,1163
893,0,16,['978-5-17-154760-8'],249.0,2023-04-18,91,320.0,,4.5,954
894,0,16,,199.0,2023-07-27,216,380.0,,4.9,2341
895,0,16,['978-5-535-24716-8'],199.0,2023-06-27,15,320.0,,4.9,225
896,0,0,['978-5-17-118533-6'],449.0,2020-04-07,41,282.0,,4.8,236
897,0,16,['978-5-17-084861-4'],299.0,2014-12-31,1468,215.0,,4.8,10482
898,0,16,,239.0,2023-01-31,74,250.0,,4.9,912
899,0,16,,199.0,2023-03-06,43,340.0,,4.9,325
900,0,16,['978-5-86471-763-9'],350.0,2017-07-12,388,440.0,,4.7,4048
901,1,12,['978-5-00146-889-9'],599.0,2015-04-03,554,,24320.0,4.8,4914
902,0,18,,399.0,2022-12-08,61,200.0,,5.0,2950
903,0,18,,399.0,2023-06-02,64,182.0,,5.0,2699
904,0,18,,399.0,2022-12-22,75,190.0,,5.0,2763
905,0,16,,199.0,2023-06-20,18,280.0,,4.8,443
906,0,16,['978-5-04-184583-4'],399.0,2023-06-17,19,255.0,,4.4,125
907,0,18,['978-5-9573-0645-0'],259.0,2014-11-20,601,210.0,,4.7,7389
908,0,16,,690.0,2022-08-29,53,437.0,,4.9,523
909,0,12,,690.0,2022-09-03,10,173.0,,4.9,21
910,0,18,['978-5-17-102448-2'],109.5,2012-10-08,116,150.0,,4.3,2137
911,0,16,['978-5-04-186985-4'],319.0,2023-05-15,54,311.0,,4.8,582
912,0,16,['978-5-04-173940-9'],699.0,2022-09-30,131,246.0,,4.9,134
913,1,16,['978-5-04-170705-7'],569.0,2022-09-20,91,,23769.0,4.8,705
914,0,16,['978-5-17-156857-3'],249.0,2023-07-04,64,310.0,,4.7,896
915,0,16,,199.0,2023-08-01,7,260.0,,4.8,314
916,0,16,,199.0,2023-08-23,19,260.0,,4.8,349
917,1,16,['978-5-04-180513-5'],619.0,2023-03-20,88,,46538.0,4.8,1348
918,0,18,['978-5-532-91115-4'],249.0,2023-10-02,32,200.0,,4.8,269
919,0,16,['978-5-04-113696-3'],379.0,2020-10-06,734,371.0,,4.8,9527
920,0,16,,199.0,2023-07-17,220,250.0,,4.8,2061
921,1,16,['978-5-17-139986-3'],929.0,2021-10-25,18,,74896.0,4.1,110
922,0,16,['978-5-04-116892-6'],439.0,2021-06-10,554,381.0,,4.8,7612
923,0,18,['978-5-86471-904-6'],370.0,2022-08-01,71,561.0,,4.8,676
924,0,12,['978-5-9614-3115-5'],519.35,2014-06-11,37,3017.0,,4.4,411
925,1,16,['978-5-535-22615-6'],399.0,2022-10-24,81,,27382.0,4.7,1181
926,0,16,['978-5-04-192957-2'],299.0,2023-10-03,38,280.0,,4.7,282
927,0,16,,199.0,2023-08-28,84,590.0,,4.7,633
928,0,16,,199.0,2023-09-22,34,350.0,,4.7,568
929,0,16,,199.0,2023-10-19,52,300.0,,4.8,463
930,0,18,['978-5-532-99085-2'],349.0,2018-02-05,203,500.0,,5.0,5331
931,1,6,,519.0,2019-10-14,170,,31542.0,4.6,1492
932,0,16,,149.0,2023-07-04,13,260.0,,4.7,181
933,0,12,,149.0,2023-08-14,8,260.0,,4.7,199
934,0,16,['978-5-17-083150-0'],279.0,2014-02-28,150,281.0,,4.8,1458
935,0,16,,199.0,2023-07-06,19,260.0,,4.8,355
936,0,16,,190.0,2023-01-31,30,320.0,,4.9,342
937,0,16,['978-5-04-189192-3'],369.0,2023-07-28,52,250.0,,4.1,392
938,0,16,['978-5-04-191791-3'],329.0,2023-09-06,44,260.0,,4.5,466
939,0,18,['978-5-86471-674-8'],350.0,2013-07-31,1111,300.0,,4.8,11944
940,0,12,['978-5-9908081-0-2'],349.0,2014-04-23,683,1042.0,,4.5,7629
941,0,16,['978-985-15-2314-2'],451.0,2015-08-05,1518,140.0,,4.7,16438
942,0,16,['978-5-227-09934-1'],500.0,2022-05-06,60,460.0,,4.9,630
943,0,18,['978-5-389-19400-7'],499.0,2021-03-05,192,93.0,,4.6,1289
944,0,12,['9785001008538'],499.0,2017-12-29,108,311.0,,4.4,1256
945,0,16,['978-5-9614-2011-1'],499.0,2012-10-21,287,1111.0,,4.6,3926
946,0,18,['978-5-91103-506-8'],600.0,2019-10-24,35,1360.0,,4.5,394
947,0,16,['978-5-9614-3531-3'],599.0,2014-09-03,44,470.0,,4.3,305
948,1,18,['978-5-389-22599-2'],499.0,2023-01-18,31,,102660.0,4.8,376
949,1,12,['978-5-535-00603-1'],399.0,2017-01-30,112,,22272.0,4.4,1128
950,0,16,['978-5-17-100838-3'],149.5,2017-02-25,268,181.0,,4.8,1705
951,0,16,,199.0,2023-04-20,91,310.0,,4.9,1238
952,0,16,['978-5-04-189844-1'],399.0,2023-07-27,14,191.0,,4.4,203
953,0,16,['978-5-04-191642-8'],489.0,2023-08-22,12,317.0,,5.0,524
954,0,16,['978-5-389-16314-0'],499.0,2019-02-27,269,751.0,,4.6,3756
955,0,12,,249.0,2022-12-12,29,290.0,,4.8,594
956,0,18,['978-5-532-08917-4'],249.0,2019-10-22,65,220.0,,4.8,623
957,0,16,,149.0,2023-07-28,4,270.0,,4.7,93
958,0,16,['978-5-4461-2282-0'],549.0,2015-08-07,65,302.0,,4.4,549
959,1,16,['978-5-535-00525-6'],549.0,2016-05-16,105,,75637.0,4.6,1046
960,0,16,['9785001951520'],549.0,2022-04-28,6,188.0,,4.5,18
961,0,18,,176.0,2022-04-05,10,300.0,,4.7,172
962,0,12,['978-5-699-85028-0'],359.0,2017-05-07,118,183.0,,4.2,753
963,0,16,['978-5-04-113886-8'],349.0,2020-09-10,299,320.0,,4.4,3487
964,0,18,,690.0,2023-07-21,47,140.0,,4.7,146
965,1,16,['978-5-535-10722-6'],344.0,2020-02-25,108,,18295.0,4.6,1362
966,1,12,['978-5-04-176034-2'],639.0,2022-11-10,7,,27710.0,4.4,23
967,0,0,['978-5-09-101386-3'],500.0,2022-11-01,2,129.0,,4.5,14
968,0,16,['9785961476446'],499.0,2022-01-25,8,192.0,,4.5,37
969,0,16,['9785001393856'],499.0,2020-11-20,28,522.0,,4.8,176
970,0,16,['978-5-4461-1321-7'],499.0,2019-07-31,7,487.0,,4.0,83
971,1,18,['9789179257583'],499.0,2022-06-30,128,,113148.0,4.7,662
972,0,12,['978-5-9614-2378-5'],499.0,2019-03-28,5,401.0,,4.5,39
973,0,18,"['5-699-01529-9', '5-699-13648-7']",309.0,2007-11-18,22,340.0,,4.7,757
974,0,16,,164.0,2023-05-21,40,370.0,,4.7,552
975,1,16,,299.0,2023-08-22,70,,29455.0,4.9,586
976,1,12,['978-5-17-092461-5'],399.0,2012-04-23,71,,81649.0,4.7,586
977,0,16,['978-5-04-187079-9'],399.0,2023-09-06,47,390.0,,4.8,322
978,0,16,,389.0,2022-12-28,8,240.0,,4.7,85
979,1,18,['978-5-00116-929-1'],291.85,2023-04-17,24,,53269.0,4.9,217
980,1,16,,359.0,2023-06-01,37,,41648.0,4.8,375
981,0,16,['978-5-532-07722-5'],149.0,2020-02-14,112,180.0,,5.0,3050
